Skill,Similarity %
experience,0
control valves,0
linux,0
iot workflows,0
similar develop,0
arduino sensors actuators,0
node red mqtt,0
technical workflows,0
alerts,0
familiarity,0
prototype hardware circuits,0
key responsibilities,0
communication work,0
scripting automation,0
smart devices,0
sensors motors,0
real time,0
we,0
device,0
monitoring applications,0
systems,0
sensors actuators,0
notification systems,0
c knowledge,0
basics,0
iot platforms,0
the candidate,0
test control systems,0
automation,0
validation,0
simulation,0
signal conditioning experience,0
skills,0
docker based deployments,0
job description,0
pcb level systems,0
ua,0
apis,0
microcontrollers arduino,0
instrumentation electronics,0
embedded systems,0
automation energy systems,0
embedded programming,0
required skills qualifications,0
